,자치구,읍면동명,금융기관
0,종로구,사직동,21
1,종로구,삼청동,5
2,종로구,부암동,2
3,종로구,평창동,5
4,종로구,무악동,1
5,종로구,교남동,1
6,종로구,가회동,3
7,종로구,종로1.2.3.4가동,54
8,종로구,종로5·6가동,11
9,종로구,이화동,7
10,종로구,창신1동,5
11,종로구,창신2동,1
12,종로구,숭인1동,1
13,종로구,숭인2동,4
14,종로구,청운효자동,4
15,종로구,혜화동,5
16,중구,소공동,37
17,중구,회현동,25
18,중구,명동,75
19,중구,필동,7
20,중구,장충동,5
21,중구,광희동,16
22,중구,을지로동,11
23,중구,신당5동,2
24,중구,황학동,5
25,중구,중림동,2
26,중구,신당동,7
27,중구,다산동,4
28,중구,약수동,2
29,중구,청구동,1
30,중구,동화동,2
31,용산구,후암동,1
32,용산구,용산2가동,1
33,용산구,남영동,9
34,용산구,원효로2동,5
35,용산구,효창동,1
36,용산구,이촌1동,12
37,용산구,이촌2동,4
38,용산구,이태원1동,7
39,용산구,이태원2동,1
40,용산구,서빙고동,2
41,용산구,보광동,2
42,용산구,청파동,4
43,용산구,원효로1동,3
44,용산구,한강로동,20
45,용산구,한남동,12
46,성동구,왕십리2동,1
47,성동구,마장동,5
48,성동구,사근동,5
49,성동구,행당1동,5
50,성동구,행당2동,3
51,성동구,응봉동,1
52,성동구,금호1가동,1
53,성동구,금호4가동,3
54,성동구,성수1가1동,2
55,성동구,성수1가2동,5
56,성동구,성수2가1동,3
57,성동구,성수2가3동,15
58,성동구,용답동,3
59,성동구,왕십리도선동,3
60,성동구,금호2.3가동,2
61,성동구,옥수동,3
62,광진구,화양동,7
63,광진구,군자동,6
64,광진구,중곡1동,2
65,광진구,중곡2동,4
66,광진구,중곡3동,1
67,광진구,중곡4동,2
68,광진구,구의1동,4
69,광진구,구의2동,2
70,광진구,구의3동,8
71,광진구,광장동,9
72,광진구,자양1동,4
73,광진구,자양2동,2
74,광진구,자양3동,6
75,광진구,자양4동,2
76,동대문구,회기동,6
77,동대문구,휘경1동,2
78,동대문구,휘경2동,2
79,동대문구,청량리동,5
80,동대문구,용신동,12
81,동대문구,제기동,9
82,동대문구,전농1동,2
83,동대문구,전농2동,4
84,동대문구,답십리1동,7
85,동대문구,답십리2동,1
86,동대문구,장안1동,10
87,동대문구,장안2동,3
88,동대문구,이문1동,2
89,중랑구,면목2동,1
90,중랑구,면목5동,2
91,중랑구,면목7동,2
92,중랑구,상봉2동,4
93,중랑구,중화1동,1
94,중랑구,중화2동,4
95,중랑구,묵1동,3
96,중랑구,묵2동,2
97,중랑구,망우3동,1
98,중랑구,신내1동,2
99,중랑구,신내2동,3
100,중랑구,면목본동,3
101,중랑구,면목3.8동,1
102,중랑구,망우본동,5
103,성북구,돈암2동,4
104,성북구,안암동,6
105,성북구,보문동,4
106,성북구,정릉2동,3
107,성북구,정릉3동,1
108,성북구,정릉4동,4
109,성북구,길음1동,6
110,성북구,길음2동,2
111,성북구,월곡1동,5
112,성북구,월곡2동,5
113,성북구,장위1동,1
114,성북구,장위2동,3
115,성북구,성북동,4
116,성북구,삼선동,8
117,성북구,동선동,3
118,성북구,종암동,2
119,성북구,석관동,4
120,강북구,번1동,3
121,강북구,번3동,1
122,강북구,수유1동,2
123,강북구,수유2동,1
124,강북구,수유3동,8
125,강북구,삼양동,2
126,강북구,미아동,2
127,강북구,송중동,2
128,강북구,송천동,6
129,강북구,삼각산동,3
130,강북구,우이동,2
131,강북구,인수동,1
132,도봉구,쌍문1동,2
133,도봉구,쌍문2동,1
134,도봉구,쌍문3동,2
135,도봉구,쌍문4동,2
136,도봉구,방학1동,6
137,도봉구,방학3동,3
138,도봉구,창1동,3
139,도봉구,창2동,1
140,도봉구,창4동,4
141,도봉구,창5동,5
142,도봉구,도봉1동,2
143,도봉구,도봉2동,3
144,노원구,월계1동,2
145,노원구,월계3동,3
146,노원구,공릉2동,6
147,노원구,하계1동,5
148,노원구,하계2동,1
149,노원구,중계본동,2
150,노원구,중계1동,3
151,노원구,중계4동,3
152,노원구,상계1동,2
153,노원구,상계2동,2
154,노원구,상계5동,1
155,노원구,상계8동,3
156,노원구,상계9동,4
157,노원구,상계10동,1
158,노원구,상계3.4동,1
159,노원구,상계6.7동,14
160,노원구,중계2.3동,2
161,노원구,공릉1동,7
162,은평구,녹번동,2
163,은평구,불광1동,5
164,은평구,갈현1동,3
165,은평구,갈현2동,3
166,은평구,대조동,5
167,은평구,응암1동,7
168,은평구,신사1동,2
169,은평구,수색동,3
170,은평구,진관동,6
171,은평구,불광2동,2
172,은평구,응암3동,4
173,은평구,역촌동,4
174,서대문구,천연동,1
175,서대문구,홍제1동,2
176,서대문구,홍제3동,3
177,서대문구,홍제2동,1
178,서대문구,홍은1동,1
179,서대문구,홍은2동,4
180,서대문구,남가좌1동,3
181,서대문구,남가좌2동,4
182,서대문구,북가좌1동,2
183,서대문구,북가좌2동,4
184,서대문구,충현동,7
185,서대문구,북아현동,2
186,서대문구,신촌동,13
187,서대문구,연희동,8
188,마포구,용강동,9
189,마포구,대흥동,6
190,마포구,신수동,1
191,마포구,서교동,23
192,마포구,합정동,4
193,마포구,망원1동,2
194,마포구,망원2동,3
195,마포구,연남동,1
196,마포구,성산1동,2
197,마포구,성산2동,4
198,마포구,상암동,12
199,마포구,도화동,8
200,마포구,서강동,4
201,마포구,공덕동,10
202,마포구,아현동,8
203,양천구,목1동,14
204,양천구,목2동,2
205,양천구,목3동,4
206,양천구,목4동,3
207,양천구,신월1동,3
208,양천구,신월2동,2
209,양천구,신월3동,1
210,양천구,신월4동,1
211,양천구,신월5동,1
212,양천구,신월6동,2
213,양천구,신월7동,2
214,양천구,신정1동,5
215,양천구,신정2동,1
216,양천구,신정3동,1
217,양천구,신정6동,7
218,양천구,신정7동,2
219,양천구,목5동,9
220,양천구,신정4동,8
221,강서구,염창동,4
222,강서구,등촌1동,4
223,강서구,등촌2동,1
224,강서구,등촌3동,7
225,강서구,화곡본동,2
226,강서구,화곡3동,3
227,강서구,화곡4동,3
228,강서구,화곡6동,5
229,강서구,화곡8동,3
230,강서구,가양1동,3
231,강서구,가양2동,3
232,강서구,발산1동,7
233,강서구,공항동,8
234,강서구,방화1동,4
235,강서구,방화2동,3
236,강서구,방화3동,2
237,강서구,화곡1동,3
238,강서구,우장산동,7
239,구로구,신도림동,5
240,구로구,구로1동,2
241,구로구,구로3동,19
242,구로구,구로4동,5
243,구로구,구로5동,6
244,구로구,고척1동,4
245,구로구,고척2동,2
246,구로구,개봉2동,3
247,구로구,개봉3동,2
248,구로구,오류1동,4
249,구로구,오류2동,1
250,구로구,수궁동,1
251,구로구,가리봉동,1
252,구로구,구로2동,12
253,구로구,개봉1동,3
254,금천구,가산동,30
255,금천구,독산1동,7
256,금천구,독산2동,2
257,금천구,독산3동,3
258,금천구,독산4동,2
259,금천구,시흥1동,9
260,금천구,시흥2동,1
261,금천구,시흥3동,5
262,금천구,시흥4동,1
263,금천구,시흥5동,1
264,영등포구,여의동,67
265,영등포구,당산1동,6
266,영등포구,당산2동,6
267,영등포구,양평1동,3
268,영등포구,양평2동,3
269,영등포구,신길1동,2
270,영등포구,신길3동,5
271,영등포구,신길4동,1
272,영등포구,신길6동,1
273,영등포구,대림1동,4
274,영등포구,대림2동,1
275,영등포구,대림3동,7
276,영등포구,영등포동,19
277,영등포구,도림동,1
278,영등포구,문래동,9
279,동작구,노량진2동,4
280,동작구,상도1동,5
281,동작구,상도2동,4
282,동작구,상도3동,3
283,동작구,상도4동,1
284,동작구,사당1동,10
285,동작구,사당3동,1
286,동작구,사당4동,1
287,동작구,대방동,5
288,동작구,신대방1동,3
289,동작구,신대방2동,7
290,동작구,흑석동,6
291,동작구,노량진1동,5
292,동작구,사당2동,2
293,관악구,보라매동,2
294,관악구,행운동,5
295,관악구,낙성대동,3
296,관악구,중앙동,3
297,관악구,인헌동,5
298,관악구,남현동,1
299,관악구,서원동,2
300,관악구,신원동,1
301,관악구,서림동,1
302,관악구,신사동,2
303,관악구,신림동,2
304,관악구,조원동,2
305,관악구,대학동,6
306,관악구,은천동,1
307,관악구,청룡동,7
308,관악구,난곡동,1
309,관악구,미성동,4
310,서초구,서초1동,13
311,서초구,서초2동,31
312,서초구,서초3동,32
313,서초구,서초4동,17
314,서초구,잠원동,11
315,서초구,반포본동,5
316,서초구,반포1동,11
317,서초구,반포2동,6
318,서초구,반포3동,5
319,서초구,반포4동,19
320,서초구,방배본동,6
321,서초구,방배1동,5
322,서초구,방배2동,2
323,서초구,방배3동,4
324,서초구,방배4동,13
325,서초구,양재1동,14
326,서초구,양재2동,15
327,서초구,내곡동,1
328,강남구,신사동,13
329,강남구,논현1동,18
330,강남구,논현2동,23
331,강남구,삼성1동,29
332,강남구,삼성2동,17
333,강남구,대치1동,15
334,강남구,대치4동,15
335,강남구,역삼1동,54
336,강남구,역삼2동,15
337,강남구,도곡1동,11
338,강남구,도곡2동,22
339,강남구,개포1동,2
340,강남구,개포4동,4
341,강남구,일원본동,5
342,강남구,일원1동,3
343,강남구,일원2동,3
344,강남구,수서동,4
345,강남구,세곡동,1
346,강남구,압구정동,32
347,강남구,청담동,21
348,강남구,대치2동,21
349,강남구,개포2동,3
350,송파구,풍납1동,1
351,송파구,풍납2동,5
352,송파구,거여2동,3
353,송파구,마천1동,1
354,송파구,마천2동,2
355,송파구,방이1동,2
356,송파구,방이2동,6
357,송파구,오륜동,6
358,송파구,오금동,6
359,송파구,송파1동,7
360,송파구,송파2동,2
361,송파구,석촌동,8
362,송파구,삼전동,4
363,송파구,가락본동,10
364,송파구,가락1동,5
365,송파구,가락2동,6
366,송파구,문정1동,3
367,송파구,문정2동,12
368,송파구,장지동,3
369,송파구,위례동,3
370,송파구,잠실본동,9
371,송파구,잠실4동,4
372,송파구,잠실6동,18
373,송파구,잠실7동,4
374,송파구,잠실2동,8
375,송파구,잠실3동,11
376,강동구,강일동,5
377,강동구,상일동,2
378,강동구,명일1동,7
379,강동구,명일2동,7
380,강동구,암사2동,3
381,강동구,암사3동,1
382,강동구,천호1동,1
383,강동구,천호3동,3
384,강동구,성내1동,6
385,강동구,성내2동,4
386,강동구,성내3동,5
387,강동구,둔촌1동,2
388,강동구,둔촌2동,6
389,강동구,암사1동,3
390,강동구,천호2동,4
391,강동구,길동,9
