자치구,읍면동명,장애등급
종로구,사직동,315
종로구,삼청동,126
종로구,부암동,334
종로구,평창동,573
종로구,무악동,300
종로구,교남동,247
종로구,가회동,182
종로구,종로1.2.3.4가동,392
종로구,종로5.6가동,291
종로구,이화동,318
종로구,창신1동,300
종로구,창신2동,517
종로구,창신3동,325
종로구,숭인1동,282
종로구,숭인2동,472
종로구,청운효자동,526
종로구,혜화동,572
중구,소공동,38
중구,회현동,336
중구,명동,117
중구,필동,190
중구,장충동,213
중구,광희동,251
중구,을지로동,99
중구,신당5동,459
중구,황학동,542
중구,중림동,438
중구,신당동,377
중구,다산동,670
중구,약수동,888
중구,청구동,658
중구,동화동,443
용산구,후암동,840
용산구,용산2가동,491
용산구,남영동,577
용산구,원효로2동,522
용산구,효창동,325
용산구,용문동,451
용산구,이촌1동,543
용산구,이촌2동,357
용산구,이태원1동,246
용산구,이태원2동,344
용산구,서빙고동,393
용산구,보광동,651
용산구,청파동,830
용산구,원효로1동,454
용산구,한강로동,499
용산구,한남동,666
중구,왕십리2동,653
중구,마장동,1133
중구,사근동,403
중구,행당1동,557
중구,행당2동,879
중구,응봉동,536
중구,금호1가동,620
중구,금호4가동,499
중구,성수1가1동,612
중구,성수1가2동,577
중구,성수2가1동,862
중구,성수2가3동,455
중구,송정동,536
중구,용답동,806
중구,왕십리도선동,888
중구,금호2.3가동,968
중구,옥수동,680
광진구,화양동,581
광진구,군자동,774
광진구,중곡1동,683
광진구,중곡2동,871
광진구,중곡3동,748
광진구,중곡4동,1348
광진구,능동,364
광진구,구의1동,792
광진구,구의2동,1044
광진구,구의3동,775
광진구,광장동,708
광진구,자양1동,880
광진구,자양2동,973
광진구,자양3동,777
광진구,자양4동,1038
동대문구,회기동,315
동대문구,휘경1동,616
동대문구,휘경2동,860
동대문구,청량리동,1384
동대문구,용신동,1479
동대문구,제기동,1314
동대문구,전농1동,1576
동대문구,전농2동,875
동대문구,답십리1동,958
동대문구,답십리2동,1439
동대문구,장안1동,1552
동대문구,장안2동,1223
동대문구,이문1동,1287
동대문구,이문2동,1031
중랑구,면목2동,1279
중랑구,면목4동,1271
중랑구,면목5동,529
중랑구,면목7동,1035
중랑구,상봉1동,1420
중랑구,상봉2동,861
중랑구,중화1동,861
중랑구,중화2동,1510
중랑구,묵1동,1337
중랑구,묵2동,869
중랑구,망우3동,957
중랑구,신내1동,1892
중랑구,신내2동,1421
중랑구,면목본동,1646
중랑구,면목3.8동,1272
중랑구,망우본동,1722
성북구,돈암1동,637
성북구,돈암2동,652
성북구,안암동,618
성북구,보문동,605
성북구,정릉1동,690
성북구,정릉2동,970
성북구,정릉3동,773
성북구,정릉4동,1046
성북구,길음1동,1057
성북구,길음2동,532
성북구,월곡1동,1184
성북구,월곡2동,930
성북구,장위1동,1032
성북구,장위2동,998
성북구,장위3동,688
성북구,성북동,597
성북구,삼선동,981
성북구,동선동,553
성북구,종암동,1572
성북구,석관동,1640
강북구,번1동,914
강북구,번2동,1394
강북구,번3동,2010
강북구,수유1동,1296
강북구,수유2동,1029
강북구,수유3동,1113
강북구,삼양동,1529
강북구,미아동,1138
강북구,송중동,1402
강북구,송천동,1542
강북구,삼각산동,1249
강북구,우이동,987
강북구,인수동,1735
도봉구,쌍문1동,1051
도봉구,쌍문2동,929
도봉구,쌍문3동,764
도봉구,쌍문4동,668
도봉구,방학1동,1439
도봉구,방학2동,1183
도봉구,방학3동,1014
도봉구,창1동,1032
도봉구,창2동,1268
도봉구,창3동,794
도봉구,창4동,1000
도봉구,창5동,991
도봉구,도봉1동,1476
도봉구,도봉2동,1406
노원구,월계1동,1008
노원구,월계2동,2168
노원구,월계3동,1976
노원구,공릉2동,1438
노원구,하계1동,2095
노원구,하계2동,1021
노원구,중계본동,895
노원구,중계1동,792
노원구,중계4동,1399
노원구,상계1동,1902
노원구,상계2동,887
노원구,상계5동,1349
노원구,상계8동,724
노원구,상계9동,761
노원구,상계10동,583
노원구,상계3.4동,1760
노원구,상계6.7동,1272
노원구,중계2.3동,3214
노원구,공릉1동,2186
은평구,녹번동,1407
은평구,불광1동,1597
은평구,갈현1동,1115
은평구,갈현2동,1196
은평구,구산동,2280
은평구,대조동,1452
은평구,응암1동,1189
은평구,응암2동,726
은평구,신사1동,1133
은평구,신사2동,918
은평구,증산동,798
은평구,수색동,871
은평구,진관동,1855
은평구,불광2동,1451
은평구,응암3동,1277
은평구,역촌동,2087
서대문구,천연동,784
서대문구,홍제1동,951
서대문구,홍제3동,920
서대문구,홍제2동,644
서대문구,홍은1동,1037
서대문구,홍은2동,1307
서대문구,남가좌1동,511
서대문구,남가좌2동,1039
서대문구,북가좌1동,721
서대문구,북가좌2동,1544
서대문구,충현동,751
서대문구,북아현동,518
서대문구,신촌동,507
서대문구,연희동,1392
마포구,용강동,599
마포구,대흥동,451
마포구,염리동,442
마포구,신수동,712
마포구,서교동,744
마포구,합정동,594
마포구,망원1동,852
마포구,망원2동,812
마포구,연남동,575
마포구,성산1동,683
마포구,성산2동,1970
마포구,상암동,1226
마포구,도화동,781
마포구,서강동,712
마포구,공덕동,1527
마포구,아현동,712
양천구,목1동,685
양천구,목2동,1007
양천구,목3동,836
양천구,목4동,867
양천구,신월1동,1222
양천구,신월2동,1013
양천구,신월3동,901
양천구,신월4동,875
양천구,신월5동,745
양천구,신월6동,326
양천구,신월7동,1129
양천구,신정1동,550
양천구,신정2동,743
양천구,신정3동,2205
양천구,신정6동,471
양천구,신정7동,1362
양천구,목5동,730
양천구,신정4동,1533
강서구,염창동,1048
강서구,등촌1동,730
강서구,등촌2동,709
강서구,등촌3동,3821
강서구,화곡본동,1394
강서구,화곡2동,774
강서구,화곡3동,876
강서구,화곡4동,940
강서구,화곡6동,950
강서구,화곡8동,1018
강서구,가양1동,774
강서구,가양2동,2399
강서구,가양3동,1637
강서구,발산1동,1451
강서구,공항동,1014
강서구,방화1동,1734
강서구,방화2동,1613
강서구,방화3동,1997
강서구,화곡1동,2072
강서구,우장산동,1289
구로구,신도림동,974
구로구,구로1동,509
구로구,구로3동,870
구로구,구로4동,1234
구로구,구로5동,1107
구로구,고척1동,1118
구로구,고척2동,1233
구로구,개봉2동,1435
구로구,개봉3동,906
구로구,오류1동,982
구로구,오류2동,2021
구로구,수궁동,1204
구로구,가리봉동,619
구로구,구로2동,1411
구로구,개봉1동,1590
금천구,가산동,761
금천구,독산1동,1761
금천구,독산2동,949
금천구,독산3동,1187
금천구,독산4동,758
금천구,시흥1동,1604
금천구,시흥2동,1109
금천구,시흥3동,565
금천구,시흥4동,1024
금천구,시흥5동,1202
영등포구,여의동,716
영등포구,당산1동,808
영등포구,당산2동,943
영등포구,양평1동,745
영등포구,양평2동,621
영등포구,신길1동,932
영등포구,신길3동,797
영등포구,신길4동,550
영등포구,신길5동,671
영등포구,신길6동,857
영등포구,신길7동,345
영등포구,대림1동,755
영등포구,대림2동,718
영등포구,대림3동,1138
영등포구,영등포본동,1033
영등포구,영등포동,979
영등포구,도림동,902
영등포구,문래동,909
동작구,노량진2동,646
동작구,상도1동,1551
동작구,상도2동,931
동작구,상도3동,1132
동작구,상도4동,1290
동작구,사당1동,789
동작구,사당3동,773
동작구,사당4동,538
동작구,사당5동,498
동작구,대방동,1592
동작구,신대방1동,801
동작구,신대방2동,744
동작구,흑석동,1227
동작구,노량진1동,1228
동작구,사당2동,906
관악구,보라매동,1090
관악구,청림동,690
관악구,행운동,1136
관악구,낙성대동,521
관악구,중앙동,618
관악구,인헌동,906
관악구,남현동,566
관악구,서원동,827
관악구,신원동,835
관악구,서림동,859
관악구,신사동,924
관악구,신림동,566
관악구,난향동,697
관악구,조원동,719
관악구,대학동,678
관악구,은천동,1643
관악구,성현동,1523
관악구,청룡동,977
관악구,난곡동,1539
관악구,삼성동,1473
관악구,미성동,1355
서초구,서초1동,448
서초구,서초2동,358
서초구,서초3동,644
서초구,서초4동,405
서초구,잠원동,607
서초구,반포본동,195
서초구,반포1동,546
서초구,반포2동,352
서초구,반포3동,344
서초구,반포4동,363
서초구,방배본동,492
서초구,방배1동,454
서초구,방배2동,904
서초구,방배3동,588
서초구,방배4동,671
서초구,양재1동,1953
서초구,양재2동,664
서초구,내곡동,884
강남구,신사동,383
강남구,논현1동,648
강남구,논현2동,509
강남구,삼성1동,281
강남구,삼성2동,567
강남구,대치1동,266
강남구,대치4동,368
강남구,역삼1동,760
강남구,역삼2동,672
강남구,도곡1동,431
강남구,도곡2동,499
강남구,개포1동,631
강남구,개포4동,495
강남구,일원본동,703
강남구,일원1동,1045
강남구,일원2동,1130
강남구,수서동,2100
강남구,세곡동,2021
강남구,압구정동,471
강남구,청담동,584
강남구,대치2동,707
강남구,개포2동,486
송파구,풍납1동,712
송파구,풍납2동,827
송파구,거여1동,619
송파구,거여2동,1000
송파구,마천1동,1258
송파구,마천2동,1145
송파구,방이1동,417
송파구,방이2동,835
송파구,오륜동,311
송파구,오금동,1187
송파구,송파1동,665
송파구,송파2동,523
송파구,석촌동,1094
송파구,삼전동,987
송파구,가락본동,761
송파구,가락1동,22
송파구,가락2동,898
송파구,문정1동,578
송파구,문정2동,464
송파구,장지동,1477
송파구,위례동,454
송파구,잠실본동,838
송파구,잠실4동,618
송파구,잠실6동,342
송파구,잠실7동,204
송파구,잠실2동,550
송파구,잠실3동,713
강동구,강일동,1558
강동구,상일동,514
강동구,명일1동,719
강동구,명일2동,478
강동구,고덕1동,547
강동구,고덕2동,605
강동구,암사2동,504
강동구,암사3동,565
강동구,천호1동,1352
강동구,천호3동,1288
강동구,성내1동,631
강동구,성내2동,1111
강동구,성내3동,864
강동구,둔촌1동,411
강동구,둔촌2동,963
강동구,암사1동,1571
강동구,천호2동,1757
강동구,길동,1981
