,읍면동명,자치구,선거인수,새누리당,더불어민주당,국민의당,독거노인수,유년부양비,노년부양비,노령화지수,사업체수,종사자수,사업체 창업률,기초수급자인원수,보육시설,금융기관,사업체 평균연령,장애등급
0,신사동,강남구,14827,4774.0,2817,0.0,380,15.8,19.1,121.3,4503,27741,15.94,128,303.0,13.0,6.8329999999999975,383.0
1,논현1동,강남구,21876,3966.0,4769,0.0,500,7.2,12.4,172.1,5788,44157,17.78,356,375.0,18.0,7.25,648.0
2,논현2동,강남구,19063,4639.0,4017,0.0,409,11.9,14.9,124.8,5656,60642,17.57,319,287.0,23.0,7.582999999999997,509.0
3,압구정동,강남구,22435,8301.0,3539,0.0,647,20.0,21.4,107.1,4314,29474,16.16,48,301.0,32.0,7.1670000000000025,471.0
4,청담동,강남구,24507,7366.0,4777,0.0,491,16.3,15.2,93.5,4497,39652,14.21,210,507.0,21.0,7.582999999999997,584.0
5,역삼1동,강남구,31222,5285.0,6839,0.0,679,6.5,10.1,154.3,15079,147157,19.18,415,767.0,54.0,6.9170000000000025,760.0
6,역삼2동,강남구,26632,6988.0,6513,0.0,453,21.4,11.3,53.1,3416,38937,16.77,343,528.0,15.0,7.832999999999997,672.0
7,삼성1동,강남구,11991,3792.0,2228,0.0,243,14.6,15.4,105.5,4330,66958,16.77,107,565.0,29.0,7.667000000000002,281.0
8,삼성2동,강남구,23856,6262.0,5159,0.0,479,19.0,12.0,63.3,3734,38887,17.89,324,733.0,17.0,8.0,567.0
9,대치1동,강남구,16660,6362.0,3281,0.0,151,24.2,10.1,41.7,1066,7154,17.54,18,294.0,15.0,7.75,266.0
10,대치2동,강남구,31132,10404.0,6970,0.0,471,14.6,11.4,77.7,3468,57241,13.58,141,504.0,21.0,9.0,707.0
11,대치4동,강남구,16885,3467.0,3848,0.0,315,10.5,9.7,92.8,3716,27829,17.01,229,617.0,15.0,6.5,368.0
12,도곡1동,강남구,17461,5405.0,4281,0.0,338,17.5,13.0,74.6,1614,17135,13.63,83,412.0,11.0,8.083,431.0
13,도곡2동,강남구,26147,9715.0,4546,0.0,478,20.1,14.2,70.5,1926,22629,11.21,37,343.0,22.0,8.5,499.0
14,개포1동,강남구,17652,5341.0,4747,0.0,907,10.6,16.5,155.5,503,1616,12.52,483,214.0,2.0,12.083,631.0
15,개포2동,강남구,19425,5321.0,5609,0.0,428,12.7,12.1,94.8,846,3381,12.41,292,278.0,3.0,10.25,486.0
16,개포4동,강남구,16188,3656.0,4387,0.0,335,14.3,12.3,85.9,2221,12024,9.0,450,854.0,4.0,9.583,495.0
17,일원본동,강남구,18299,5411.0,5890,0.0,370,22.7,10.9,48.0,564,8402,14.01,51,754.0,5.0,10.833,703.0
18,일원1동,강남구,14233,3527.0,4186,0.0,602,12.5,19.2,154.1,1870,7340,5.67,1285,500.0,3.0,17.667,1045.0
19,일원2동,강남구,13325,3824.0,4173,0.0,641,15.9,18.6,116.7,636,10125,10.69,957,479.0,3.0,11.334,1130.0
20,수서동,강남구,13814,4040.0,3682,0.0,1135,9.3,27.5,294.8,1584,15857,10.1,2853,560.0,4.0,9.75,2100.0
21,세곡동,강남구,31158,7100.0,11291,0.0,766,26.4,16.3,61.7,950,5285,20.42,1756,1619.0,1.0,8.083,2021.0
22,강일동,강동구,24321,5462.0,7276,2030.0,476,26.5,16.5,62.3,946,15030,10.99,970,1250.0,5.0,7.832999999999997,1558.0
23,상일동,강동구,16658,4424.0,4066,1195.0,304,13.0,14.2,108.7,1018,5201,10.61,184,472.0,2.0,10.167,514.0
24,명일1동,강동구,18055,5328.0,4747,1256.0,534,17.6,14.7,83.6,1681,6083,12.91,250,876.0,7.0,8.083,719.0
25,명일2동,강동구,14041,4576.0,3894,942.0,250,17.5,12.4,71.3,1151,4698,11.38,136,249.0,7.0,8.25,478.0
26,고덕1동,강동구,12181,3186.0,3503,864.0,272,21.4,13.3,62.2,610,1993,10.33,231,607.0,4.0,9.5,547.0
27,고덕2동,강동구,7444,1775.0,1535,530.0,397,10.4,20.5,197.2,1786,3245,3.36,475,235.0,4.0,15.417,605.0
28,암사1동,강동구,29853,6142.0,7086,2302.0,1138,15.0,16.6,110.7,1927,5510,12.77,1345,1461.0,3.0,8.334,1571.0
29,암사2동,강동구,12758,3003.0,3849,1009.0,330,19.2,15.0,78.2,864,5139,12.04,88,647.0,3.0,8.75,504.0
30,암사3동,강동구,14554,4211.0,4379,1055.0,239,23.8,13.1,54.9,609,2009,9.69,83,575.0,1.0,8.999,565.0
31,길동,강동구,41751,9346.0,9524,3447.0,1162,13.6,15.0,110.4,3988,18681,13.06,895,1282.0,9.0,8.25,1981.0
32,천호1동,강동구,24141,5237.0,5093,2580.0,1003,12.5,17.8,142.5,1529,5643,11.71,862,855.0,1.0,8.917,1352.0
33,천호2동,강동구,30116,5762.0,6136,3230.0,1339,11.9,17.7,148.5,3707,14190,14.41,1299,888.0,4.0,8.083,1757.0
34,천호3동,강동구,21456,4435.0,4398,2425.0,1048,10.9,18.6,170.2,1863,7584,15.14,960,722.0,3.0,8.417,1288.0
35,성내1동,강동구,15304,3419.0,4001,1801.0,364,17.8,14.7,82.7,2105,18175,11.64,170,867.0,6.0,8.833,631.0
36,성내2동,강동구,21492,4209.0,4918,2524.0,839,11.2,16.8,149.3,1978,7625,15.62,667,728.0,4.0,7.917000000000002,1111.0
37,성내3동,강동구,20282,4084.0,4837,2473.0,598,14.2,14.8,104.5,2461,9455,14.3,357,823.0,5.0,7.999,864.0
38,둔촌1동,강동구,15187,4057.0,3878,1974.0,247,10.8,10.7,99.5,408,1371,8.09,77,81.0,2.0,11.583,411.0
39,둔촌2동,강동구,22665,5230.0,5545,2748.0,689,16.2,14.9,91.8,1637,9468,13.07,445,778.0,6.0,8.583,963.0
40,번1동,강북구,17097,3206.0,2847,2379.0,829,11.0,19.9,180.3,1793,8987,14.89,717,654.0,3.0,8.0,914.0
41,번2동,강북구,15289,3204.0,2860,2253.0,813,12.5,25.6,205.4,656,3314,8.69,1303,552.0,4.0,10.75,1394.0
42,수유1동,강북구,18851,3663.0,3317,2395.0,1061,12.3,21.9,178.1,1449,4878,10.84,1113,870.0,2.0,10.167,1296.0
43,수유2동,강북구,18663,4615.0,3497,2556.0,843,13.0,24.2,185.8,1363,4339,11.89,928,745.0,1.0,8.833,1029.0
44,수유3동,강북구,20709,4063.0,3671,3055.0,979,9.4,20.7,219.8,2399,8658,17.22,895,517.0,8.0,7.0829999999999975,1113.0
45,우이동,강북구,17844,4115.0,3168,2208.0,959,14.1,25.2,178.7,993,3970,12.99,807,702.0,2.0,9.583,987.0
46,인수동,강북구,27054,5709.0,4722,3583.0,1394,13.1,24.4,186.8,1550,5487,10.0,1636,524.0,1.0,9.5,1735.0
47,삼양동,강북구,23926,4302.0,5824,1810.0,1316,14.8,21.0,141.7,1176,3641,12.41,1491,870.0,2.0,9.25,1529.0
48,미아동,강북구,19984,3592.0,5622,1500.0,1013,10.7,20.6,193.2,1639,6194,13.61,744,426.0,2.0,7.832999999999997,1138.0
49,송중동,강북구,24690,4700.0,6438,1680.0,1252,11.9,22.5,188.7,1955,7783,14.63,948,771.0,2.0,8.083,1402.0
50,송천동,강북구,25342,4952.0,6486,1818.0,1550,11.3,23.1,203.9,2128,7241,11.7,1189,716.0,6.0,9.417,1542.0
51,삼각산동,강북구,25129,5079.0,8526,1835.0,809,25.5,14.8,57.9,781,2354,14.47,1084,1213.0,3.0,7.25,1249.0
52,번3동,강북구,16319,3567.0,4317,1344.0,942,15.7,30.1,192.1,860,2922,6.98,2184,457.0,1.0,10.833,2010.0
53,화곡1동,강서구,43602,7033.0,7629,3969.0,1279,11.5,15.4,134.1,3126,10841,13.31,1081,1265.0,3.0,9.167,2072.0
54,화곡2동,강서구,15786,2478.0,2892,1463.0,467,17.2,15.0,87.3,852,2790,12.09,560,770.0,4.0,10.167,774.0
55,화곡3동,강서구,19419,4476.0,4139,1642.0,557,13.4,17.7,132.0,1227,5360,15.57,361,743.0,3.0,8.5,876.0
56,화곡8동,강서구,22054,3620.0,4354,2118.0,619,14.7,17.1,116.1,1230,3229,13.58,594,836.0,3.0,9.75,1018.0
57,우장산동,강서구,34715,7424.0,8294,2955.0,741,22.1,13.0,58.7,1708,7430,14.4,321,1199.0,7.0,9.083,1289.0
58,발산1동,강서구,28886,5395.0,7233,2928.0,601,24.5,12.9,52.7,2322,11966,9.52,848,1446.0,7.0,10.167,1451.0
59,염창동,강서구,31048,5889.0,9687,4159.0,446,22.8,10.7,46.9,2149,15633,8.98,129,1302.0,4.0,10.667,1048.0
60,등촌1동,강서구,18183,3127.0,4879,2072.0,552,12.6,12.9,101.8,1939,15729,11.96,174,524.0,4.0,8.75,730.0
61,등촌2동,강서구,17331,3596.0,4225,2124.0,348,14.3,13.9,97.6,735,3454,9.66,262,444.0,1.0,11.0,709.0
62,화곡본동,강서구,28769,4253.0,6145,3059.0,691,16.0,13.6,85.5,1355,4047,10.7,1189,1480.0,2.0,11.083,1394.0
63,화곡4동,강서구,18828,3261.0,3650,2139.0,650,13.5,16.5,122.9,1444,3860,12.19,560,776.0,3.0,9.999,940.0
64,화곡6동,강서구,20901,4456.0,4642,2235.0,553,13.9,14.2,102.4,1850,11322,13.84,536,817.0,5.0,8.917,950.0
65,가양3동,강서구,14822,3064.0,3758,1786.0,781,11.2,21.8,195.3,933,7631,8.68,1890,391.0,4.0,12.334,1637.0
66,등촌3동,강서구,28742,7865.0,6937,2524.0,1652,12.6,19.5,154.7,2627,22329,15.76,5271,998.0,7.0,9.083,3821.0
67,가양1동,강서구,19628,5580.0,4979,1640.0,334,14.5,10.2,70.6,1809,14040,21.72,141,470.0,3.0,8.417,774.0
68,가양2동,강서구,14892,4295.0,3203,1304.0,997,7.5,24.6,329.5,640,3495,8.75,2673,393.0,3.0,10.667,2399.0
69,공항동,강서구,16883,3815.0,3226,1516.0,1308,16.8,16.5,98.3,1973,35503,12.47,618,759.0,8.0,9.5,1014.0
70,방화1동,강서구,33912,9528.0,8315,2912.0,906,22.7,15.4,67.6,2879,10377,12.16,585,1652.0,4.0,12.0,1734.0
71,방화2동,강서구,20415,5492.0,3817,1818.0,1001,12.7,21.1,166.5,2932,13631,8.77,1116,651.0,3.0,14.833,1613.0
72,방화3동,강서구,21700,6548.0,5084,1807.0,1065,14.9,21.1,141.6,932,4739,8.26,1692,769.0,2.0,13.583,1997.0
73,보라매동,관악구,21183,2920.0,3972,4433.0,846,12.7,18.2,142.9,1397,6434,11.38,710,701.0,2.0,9.583,1090.0
74,은천동,관악구,28717,3429.0,5851,7077.0,1048,16.7,17.8,106.7,1596,7330,9.77,1051,971.0,1.0,11.25,1643.0
75,성현동,관악구,26477,3505.0,5679,7182.0,1079,18.6,19.7,105.9,880,2964,10.34,1167,893.0,4.0,11.917,1523.0
76,중앙동,관악구,12820,1244.0,2597,2974.0,552,7.9,17.2,218.6,1086,5076,13.44,284,252.0,3.0,10.5,618.0
77,청림동,관악구,13289,1883.0,3138,3520.0,584,20.0,19.7,98.4,443,1185,9.26,439,491.0,4.0,10.999,690.0
78,행운동,관악구,25499,2891.0,6117,5658.0,912,9.8,15.3,155.6,1464,6151,14.82,768,580.0,5.0,9.583,1136.0
79,청룡동,관악구,24647,2496.0,5283,5411.0,933,8.8,14.6,165.5,1866,11207,12.75,479,622.0,7.0,9.417,977.0
80,낙성대동,관악구,14769,1487.0,3584,3422.0,481,10.1,12.2,121.5,1265,7741,16.44,267,856.0,3.0,8.25,521.0
81,인헌동,관악구,23195,2781.0,5143,5368.0,704,12.7,15.6,123.1,1047,4006,8.98,305,569.0,5.0,10.667,906.0
82,남현동,관악구,15217,2231.0,3285,3191.0,396,12.5,14.9,119.4,874,5163,9.73,130,398.0,1.0,9.75,566.0
83,신림동,관악구,18299,1701.0,3963,2957.0,475,4.5,9.5,210.3,1623,5671,15.65,316,217.0,2.0,7.1670000000000025,566.0
84,신사동,관악구,20014,3752.0,3727,2796.0,701,10.0,13.9,138.1,1422,4712,11.67,661,538.0,2.0,8.999,924.0
85,조원동,관악구,15471,3054.0,2920,2213.0,559,10.1,14.5,144.5,2184,7073,10.71,330,510.0,2.0,10.0,719.0
86,미성동,관악구,27195,6670.0,4765,4095.0,972,14.0,17.9,127.9,1625,6027,10.58,895,894.0,4.0,11.167,1355.0
87,난곡동,관악구,24857,5665.0,3966,3496.0,1121,12.8,19.7,153.7,959,2411,10.53,1242,668.0,1.0,12.917,1539.0
88,난향동,관악구,13296,3177.0,2803,1966.0,476,20.4,18.8,92.3,420,1926,9.29,427,534.0,4.0,12.917,697.0
89,서원동,관악구,20218,3555.0,4371,2488.0,613,7.3,14.3,195.2,1296,7974,13.66,502,373.0,2.0,8.667,827.0
90,신원동,관악구,16111,3167.0,3237,1962.0,697,9.8,17.6,180.6,851,2453,13.4,607,504.0,1.0,10.25,835.0
91,서림동,관악구,21046,4112.0,4934,2466.0,636,8.6,14.0,162.9,1316,3296,7.52,532,374.0,1.0,16.667,859.0
92,삼성동,관악구,23296,5768.0,4798,3108.0,1325,11.8,24.7,210.2,1062,2372,6.59,1009,567.0,4.0,14.75,1473.0
93,대학동,관악구,20292,3899.0,5199,2326.0,545,7.0,11.6,164.9,1701,12609,14.11,476,315.0,6.0,8.583,678.0
94,중곡1동,광진구,13504,2689.0,2843,1592.0,485,10.6,16.1,151.5,1639,6476,11.71,444,304.0,2.0,9.583,683.0
95,중곡2동,광진구,18357,3641.0,4091,2045.0,480,13.0,14.3,110.2,1660,6711,12.77,622,615.0,4.0,9.083,871.0
96,중곡3동,광진구,14767,3053.0,2900,1662.0,534,11.6,16.1,138.9,1347,5601,12.77,704,966.0,1.0,9.917,748.0
97,중곡4동,광진구,25930,5555.0,5648,2960.0,842,12.8,16.4,128.2,1545,4810,11.65,1079,868.0,2.0,10.833,1348.0
98,능동,광진구,9624,1872.0,2493,1046.0,260,11.1,14.4,130.4,758,5945,18.34,191,248.0,4.0,8.833,364.0
99,구의2동,광진구,20286,4374.0,4337,2329.0,669,15.8,16.8,106.4,1251,5199,11.27,677,697.0,2.0,11.083,1044.0
100,광장동,광진구,25721,6682.0,6649,2872.0,493,25.8,11.5,44.8,1402,12078,14.41,124,608.0,9.0,8.833,708.0
101,군자동,광진구,17435,3401.0,4016,1894.0,574,10.3,13.8,134.4,1609,10040,11.5,531,709.0,6.0,9.334,774.0
102,구의1동,광진구,19127,3512.0,5316,1638.0,580,9.9,14.1,142.6,1900,6556,13.47,519,474.0,4.0,8.75,792.0
103,구의3동,광진구,23623,5955.0,7158,1912.0,608,14.8,13.7,92.3,2636,19517,13.81,249,613.0,8.0,8.25,775.0
104,자양1동,광진구,19275,3931.0,5169,1527.0,681,11.2,14.4,128.3,1736,8527,11.0,685,731.0,4.0,10.083,880.0
105,자양2동,광진구,21608,4860.0,5877,1827.0,532,15.3,14.3,94.0,1524,7659,10.5,416,619.0,2.0,10.5,973.0
106,자양3동,광진구,23895,6535.0,7244,1966.0,562,19.0,13.7,72.1,1356,6395,11.5,255,776.0,6.0,9.75,777.0
107,자양4동,광진구,19756,4171.0,4583,1681.0,938,8.3,15.7,188.8,2058,6388,13.07,692,655.0,2.0,9.167,1038.0
108,화양동,광진구,19224,2771.0,5220,1475.0,622,5.0,9.9,196.8,2474,15035,16.77,315,414.0,7.0,7.334,581.0
109,고척1동,구로구,20153,4225.0,6520,1221.0,663,15.7,18.0,114.3,2629,9475,9.59,421,815.0,4.0,10.833,1118.0
110,고척2동,구로구,23486,4575.0,7357,1559.0,850,16.6,17.4,104.9,1427,3976,9.32,734,1014.0,2.0,10.167,1233.0
111,개봉1동,구로구,28163,5721.0,8538,1864.0,1116,15.4,19.0,123.9,1756,5596,11.45,912,969.0,3.0,9.583,1590.0
112,개봉2동,구로구,27625,5982.0,9346,2015.0,815,17.3,19.3,111.6,1133,2989,9.53,592,1049.0,3.0,10.0,1435.0
113,개봉3동,구로구,17603,3318.0,5140,1324.0,579,15.8,17.9,112.7,1012,5099,9.98,587,826.0,2.0,9.833,906.0
114,오류1동,구로구,17821,3901.0,5311,1091.0,686,12.9,18.2,141.1,1121,5158,12.13,596,722.0,4.0,9.833,982.0
115,오류2동,구로구,34069,6578.0,11610,2105.0,987,23.8,18.1,76.1,1573,7882,13.1,955,1880.0,1.0,9.167,2021.0
116,수궁동,구로구,20266,5155.0,5839,1163.0,699,17.5,17.6,100.4,1272,5881,9.04,555,813.0,1.0,11.083,1204.0
117,신도림동,구로구,28914,6343.0,10788,1981.0,501,21.8,12.9,59.3,2835,14839,13.69,131,975.0,5.0,9.083,974.0
118,구로1동,구로구,16984,3282.0,6598,1245.0,270,20.6,10.8,52.1,626,3021,8.95,69,807.0,2.0,9.917,509.0
119,구로2동,구로구,24165,4825.0,5819,1576.0,1383,10.0,17.4,173.9,7912,30343,6.52,775,1043.0,12.0,11.167,1411.0
120,구로3동,구로구,22456,3299.0,7625,2004.0,648,13.3,12.9,96.8,6881,82785,15.3,290,898.0,19.0,7.832999999999997,870.0
121,구로4동,구로구,20146,3582.0,5664,1647.0,1011,11.4,17.3,152.5,2023,5011,12.65,662,752.0,5.0,9.167,1234.0
122,구로5동,구로구,26032,4914.0,8377,1869.0,731,13.2,13.9,105.5,4857,26516,12.25,312,1149.0,6.0,8.917,1107.0
123,가리봉동,구로구,9597,1543.0,2110,565.0,793,6.3,13.6,215.2,976,2820,14.14,587,282.0,1.0,9.417,619.0
124,가산동,금천구,17334,2574.0,4108,2118.0,623,7.4,10.9,148.3,13752,153745,14.18,468,893.0,30.0,7.75,761.0
125,독산1동,금천구,25878,4595.0,5771,3315.0,889,12.5,14.7,117.7,3922,24440,10.76,1258,835.0,7.0,9.583,1761.0
126,독산2동,금천구,17719,3054.0,3210,2137.0,781,11.7,15.4,131.5,1178,3542,12.65,1031,982.0,2.0,8.417,949.0
127,독산3동,금천구,22666,3834.0,4283,2917.0,980,10.3,14.9,144.8,2190,8267,11.92,942,769.0,3.0,8.833,1187.0
128,독산4동,금천구,15214,2655.0,2843,1946.0,535,11.5,15.2,132.5,1011,3674,12.56,743,661.0,2.0,8.75,758.0
129,시흥1동,금천구,29359,6001.0,5670,3640.0,1315,14.5,17.1,117.8,2986,13912,13.53,1223,958.0,9.0,8.917,1604.0
130,시흥2동,금천구,18869,4213.0,4392,2956.0,701,19.5,19.0,97.8,576,2005,9.2,1115,610.0,1.0,9.5,1109.0
131,시흥3동,금천구,10366,2282.0,2180,1331.0,431,13.2,21.0,159.1,3340,10610,6.41,275,338.0,5.0,11.083,565.0
132,시흥4동,금천구,18820,3734.0,3593,2558.0,759,13.8,17.9,129.1,859,1938,10.36,934,936.0,1.0,9.0,1024.0
133,시흥5동,금천구,18496,3732.0,3453,2438.0,1056,13.4,21.6,161.2,1173,3445,10.06,1240,1364.0,1.0,9.417,1202.0
134,월계1동,노원구,18698,4557.0,4519,1947.0,764,14.5,19.2,132.4,1444,6011,10.04,644,759.0,2.0,10.667,1008.0
135,월계2동,노원구,22413,5408.0,4779,2375.0,1338,15.5,22.1,142.1,922,3313,5.97,2749,568.0,4.0,15.833,2168.0
136,월계3동,노원구,27052,6768.0,7170,3047.0,1200,18.6,19.3,104.1,965,3371,7.25,1642,928.0,3.0,14.5,1976.0
137,공릉1동,노원구,32340,7155.0,7808,3883.0,1166,13.7,16.3,119.0,2776,11472,11.56,1789,992.0,7.0,10.5,2186.0
138,공릉2동,노원구,33265,7872.0,8986,3809.0,910,19.2,12.9,67.5,1944,11763,10.8,626,1488.0,6.0,11.75,1438.0
139,상계1동,노원구,33715,6590.0,2853,11256.0,1061,15.1,17.3,114.5,3133,10559,7.88,1049,1367.0,2.0,16.999000000000002,1902.0
140,상계2동,노원구,17591,3464.0,1439,5474.0,627,12.6,15.5,123.1,2459,9991,17.24,716,917.0,2.0,6.8329999999999975,887.0
141,상계3.4동,노원구,25798,5313.0,1827,7201.0,1718,13.4,25.4,189.9,1434,4495,8.65,2014,1042.0,1.0,12.667,1760.0
142,상계5동,노원구,22441,4654.0,1764,6677.0,1063,13.5,20.7,153.5,1568,4708,12.88,1284,605.0,1.0,9.5,1349.0
143,상계8동,노원구,18201,3355.0,2017,6889.0,511,25.1,12.3,48.8,577,1935,5.89,158,844.0,3.0,13.583,724.0
144,상계9동,노원구,17965,3699.0,1713,6446.0,636,18.4,14.7,80.2,721,2519,8.46,298,587.0,4.0,14.833,761.0
145,상계10동,노원구,15395,3000.0,1530,5381.0,504,15.1,13.2,87.4,469,2191,8.53,298,411.0,1.0,14.417,583.0
146,하계1동,노원구,23136,4464.0,7145,2495.0,1109,13.0,15.2,116.8,1023,7727,12.61,2539,637.0,5.0,10.917,2095.0
147,하계2동,노원구,18995,3386.0,6784,2053.0,610,18.6,14.4,77.4,387,1248,5.68,1005,351.0,1.0,16.334,1021.0
148,중계본동,노원구,20225,3802.0,6528,2222.0,634,19.5,11.2,57.4,1184,5296,11.15,438,367.0,2.0,10.083,895.0
149,중계1동,노원구,20193,3725.0,7147,2279.0,473,22.8,9.3,40.9,951,4219,9.67,607,597.0,3.0,10.5,792.0
150,중계2.3동,노원구,31449,5900.0,10271,3157.0,1703,16.8,21.7,129.5,1360,5472,10.81,4120,746.0,2.0,11.083,3214.0
151,중계4동,노원구,17493,3457.0,5117,2083.0,845,16.5,19.8,119.9,1044,3766,11.49,1378,388.0,3.0,10.083,1399.0
152,상계6.7동,노원구,27466,5061.0,8532,3558.0,1072,18.9,14.2,74.8,1910,14943,10.73,734,842.0,14.0,11.167,1272.0
153,쌍문1동,도봉구,17961,3959.0,5518,0.0,758,14.5,21.8,149.8,928,3908,11.64,872,632.0,2.0,8.667,1051.0
154,쌍문3동,도봉구,14783,3135.0,4575,0.0,588,12.7,21.3,168.3,975,4078,14.46,464,639.0,2.0,7.832999999999997,764.0
155,창1동,도봉구,21695,5073.0,7672,0.0,798,16.9,18.1,106.5,1404,3739,10.11,369,690.0,3.0,8.334,1032.0
156,창2동,도봉구,24892,5183.0,8071,0.0,766,15.4,17.1,111.6,1398,4457,10.94,889,1120.0,1.0,7.917000000000002,1268.0
157,창3동,도봉구,12769,2643.0,3623,0.0,594,14.4,21.2,147.5,969,2242,13.42,813,623.0,4.0,7.667000000000002,794.0
158,창4동,도봉구,22692,5488.0,8854,0.0,678,17.4,15.8,90.5,1284,7286,13.01,275,665.0,4.0,7.917000000000002,1000.0
159,창5동,도봉구,21578,5589.0,7379,0.0,611,15.5,16.8,108.0,2219,7259,10.86,351,713.0,5.0,7.1670000000000025,991.0
160,쌍문2동,도봉구,17402,3970.0,3456,1914.0,755,13.8,19.9,144.4,1308,5503,14.07,798,627.0,1.0,6.999,929.0
161,쌍문4동,도봉구,16090,4084.0,3738,1852.0,399,16.0,14.6,91.2,616,1922,14.45,184,363.0,2.0,7.667000000000002,668.0
162,방학1동,도봉구,25293,6268.0,4807,2887.0,986,13.3,18.9,142.3,2330,10831,14.25,1141,982.0,6.0,6.9170000000000025,1439.0
163,방학2동,도봉구,18358,4203.0,3137,1983.0,934,12.8,21.0,163.9,1244,3029,12.7,1867,920.0,4.0,7.999,1183.0
164,방학3동,도봉구,24060,6252.0,5934,2604.0,646,17.4,16.4,93.9,871,3127,10.68,285,847.0,3.0,8.167,1014.0
165,도봉1동,도봉구,19899,5195.0,3432,2111.0,1135,11.1,27.6,250.1,1701,6063,12.58,1016,697.0,2.0,8.833,1476.0
166,도봉2동,도봉구,24385,6524.0,5352,3000.0,953,15.1,24.2,160.5,1439,6722,12.44,745,1025.0,3.0,7.417000000000002,1406.0
167,용신동,동대문구,27097,5377.0,5919,2511.0,1488,10.6,20.8,196.6,5820,32819,10.34,1164,747.0,12.0,9.917,1479.0
168,제기동,동대문구,22439,5013.0,4848,2099.0,1442,10.4,22.5,216.5,4739,11977,8.06,1074,649.0,9.0,11.75,1314.0
169,청량리동,동대문구,19616,5319.0,4173,1554.0,1363,11.2,28.0,249.9,1683,8132,9.74,1250,505.0,5.0,10.833,1384.0
170,회기동,동대문구,9655,1937.0,2951,765.0,322,9.7,13.7,141.7,988,9709,17.0,209,222.0,6.0,8.25,315.0
171,휘경1동,동대문구,11961,2474.0,2657,997.0,476,8.6,17.7,206.2,1027,4606,10.22,397,371.0,2.0,9.334,616.0
172,휘경2동,동대문구,19929,4428.0,5494,1752.0,643,14.8,16.5,111.7,1197,4977,9.02,405,687.0,2.0,9.999,860.0
173,이문1동,동대문구,24353,5175.0,5470,2114.0,1001,9.4,17.1,182.4,1486,6849,12.25,900,547.0,2.0,8.999,1287.0
174,이문2동,동대문구,17684,3900.0,4665,1714.0,655,16.9,19.2,113.9,729,2257,11.25,731,679.0,4.0,9.75,1031.0
175,전농1동,동대문구,25078,5411.0,7709,0.0,1420,13.6,21.3,156.3,2178,8303,13.04,1410,633.0,2.0,8.5,1576.0
176,전농2동,동대문구,16612,3799.0,5950,0.0,527,17.3,19.7,114.2,875,4824,9.26,582,423.0,4.0,10.083,875.0
177,답십리1동,동대문구,20915,4494.0,7017,0.0,648,16.5,17.1,103.5,2242,10402,9.9,630,858.0,7.0,10.334,958.0
178,답십리2동,동대문구,23496,5424.0,7918,0.0,924,14.8,20.1,136.1,2055,6059,8.18,969,925.0,1.0,10.334,1439.0
179,장안1동,동대문구,30890,6428.0,9628,0.0,913,15.1,16.6,110.1,4539,21790,11.37,903,1372.0,10.0,9.25,1552.0
180,장안2동,동대문구,25288,5564.0,8279,0.0,748,18.9,16.9,89.7,3204,11468,12.86,721,948.0,3.0,8.167,1223.0
181,노량진1동,동작구,26568,5857.0,5866,3861.0,941,14.1,19.4,136.9,2148,9310,12.15,570,653.0,5.0,11.25,1228.0
182,노량진2동,동작구,13099,2729.0,2533,1778.0,671,8.1,20.9,259.0,1554,6340,12.29,538,233.0,4.0,12.417,646.0
183,상도2동,동작구,20280,4361.0,4363,2958.0,951,15.9,17.1,107.2,1287,4543,13.68,378,716.0,4.0,9.75,931.0
184,상도3동,동작구,21262,4046.0,4592,3273.0,727,13.4,18.9,141.2,946,2683,12.37,637,854.0,3.0,11.167,1132.0
185,상도4동,동작구,23461,4242.0,4814,3152.0,1032,14.3,18.0,126.2,983,2910,10.48,794,921.0,1.0,11.833,1290.0
186,대방동,동작구,30133,6326.0,6522,4716.0,990,17.0,15.3,89.9,1660,12152,12.47,1072,745.0,5.0,10.417,1592.0
187,신대방1동,동작구,19328,4439.0,4095,2974.0,604,17.1,14.7,85.9,1060,4364,12.92,302,626.0,3.0,9.917,801.0
188,신대방2동,동작구,16606,3614.0,3590,2520.0,500,19.0,16.8,88.3,1219,24086,12.47,327,559.0,7.0,9.583,744.0
189,상도1동,동작구,37685,10017.0,7738,5599.0,1339,15.2,15.8,104.1,1704,8381,11.03,839,1134.0,5.0,9.917,1551.0
190,흑석동,동작구,27515,7824.0,4873,3523.0,1129,13.0,19.8,151.8,1495,10142,11.77,575,878.0,6.0,10.833,1227.0
191,사당1동,동작구,19920,4459.0,3922,3297.0,622,8.9,15.9,179.4,1845,9566,13.88,366,741.0,10.0,8.75,789.0
192,사당2동,동작구,24979,7181.0,4723,3710.0,844,14.5,19.7,135.8,1651,5818,15.02,380,607.0,2.0,8.667,906.0
193,사당3동,동작구,19577,5813.0,3455,3104.0,585,16.0,19.9,124.7,1005,4316,10.65,237,557.0,1.0,11.5,773.0
194,사당4동,동작구,12642,3212.0,2392,2305.0,469,12.1,18.9,155.3,684,1738,11.26,303,457.0,1.0,10.25,538.0
195,사당5동,동작구,10867,2796.0,2130,1776.0,347,15.5,17.2,110.6,506,1709,11.26,255,318.0,4.0,10.999,498.0
196,공덕동,마포구,31165,6063.0,9019,1875.0,1378,12.9,17.9,139.2,2764,18875,13.35,783,725.0,10.0,9.25,1527.0
197,아현동,마포구,22788,4884.0,7539,1139.0,527,16.9,14.3,84.9,1745,12598,12.72,472,817.0,8.0,8.583,712.0
198,도화동,마포구,18992,4234.0,6248,1080.0,645,15.6,19.1,122.6,2012,15583,13.02,387,423.0,8.0,9.083,781.0
199,용강동,마포구,16684,3689.0,5980,838.0,623,22.0,15.4,69.9,2608,19216,13.69,231,436.0,9.0,8.417,599.0
200,대흥동,마포구,11490,1966.0,3284,664.0,515,7.5,15.9,213.0,1583,9646,12.57,281,208.0,6.0,9.0,451.0
201,염리동,마포구,11827,2197.0,3433,587.0,476,13.3,18.6,140.0,720,3618,15.0,316,318.0,4.0,9.417,442.0
202,신수동,마포구,16229,3406.0,5455,883.0,527,16.5,17.2,103.7,1174,5334,14.82,253,496.0,1.0,8.917,712.0
203,서강동,마포구,20777,4363.0,5515,1835.0,535,15.1,13.5,89.0,1699,11958,17.36,215,772.0,4.0,6.5829999999999975,712.0
204,서교동,마포구,23015,3979.0,5749,1869.0,614,8.6,14.4,167.7,9536,62203,17.71,279,451.0,23.0,6.1670000000000025,744.0
205,합정동,마포구,15918,2996.0,3785,1348.0,525,13.6,15.4,112.9,2049,14716,16.4,362,391.0,4.0,7.25,594.0
206,망원1동,마포구,18564,3353.0,4216,1766.0,720,12.7,17.9,140.1,1771,4705,13.44,598,584.0,2.0,9.334,852.0
207,망원2동,마포구,16301,3334.0,3840,1666.0,492,16.9,17.6,104.0,1362,5226,14.98,383,662.0,3.0,8.583,812.0
208,연남동,마포구,15406,2869.0,3855,1327.0,462,10.1,16.3,162.1,1506,5926,20.45,210,467.0,1.0,6.5,575.0
209,성산1동,마포구,16797,2916.0,3818,1536.0,538,13.4,16.2,121.4,1539,11078,11.18,430,369.0,2.0,9.083,683.0
210,성산2동,마포구,30740,6172.0,7928,3138.0,1313,18.4,17.7,96.1,1782,11771,11.28,1590,1254.0,4.0,9.083,1970.0
211,상암동,마포구,24177,4970.0,6893,2543.0,378,26.5,14.1,53.2,2341,38152,20.5,588,1330.0,12.0,6.0829999999999975,1226.0
212,충현동,서대문구,15158,3700.0,4197,0.0,760,11.0,20.3,185.5,1812,25628,10.87,408,594.0,7.0,10.417,751.0
213,천연동,서대문구,15554,4164.0,5409,0.0,872,18.4,21.5,116.7,922,2835,8.89,535,498.0,1.0,10.417,784.0
214,북아현동,서대문구,10083,2523.0,3164,0.0,484,13.1,18.6,141.6,790,2099,14.05,289,425.0,2.0,10.167,518.0
215,신촌동,서대문구,15787,2742.0,4883,0.0,528,8.5,11.0,128.9,3642,37929,15.73,496,495.0,13.0,7.25,507.0
216,연희동,서대문구,31740,7549.0,10211,0.0,1245,11.9,18.6,156.6,2248,11127,9.34,611,769.0,8.0,9.417,1392.0
217,홍제1동,서대문구,19130,4945.0,6380,0.0,832,14.8,21.5,144.8,1119,4489,11.8,462,543.0,2.0,9.833,951.0
218,홍제2동,서대문구,12579,3563.0,4428,0.0,498,14.6,21.2,144.8,590,1677,10.17,343,421.0,1.0,8.917,644.0
219,홍제3동,서대문구,15662,3733.0,4360,978.0,760,12.5,24.5,195.7,1255,3790,9.56,556,491.0,3.0,11.25,920.0
220,홍은1동,서대문구,19617,5068.0,5529,1151.0,897,14.2,22.8,160.9,981,2470,12.84,603,449.0,1.0,10.583,1037.0
221,홍은2동,서대문구,23728,5412.0,6411,1369.0,891,13.8,20.2,146.8,1168,5372,13.27,784,474.0,4.0,9.917,1307.0
222,남가좌1동,서대문구,10513,2632.0,3650,643.0,340,26.1,15.8,60.3,733,2047,16.51,168,381.0,3.0,11.167,511.0
223,남가좌2동,서대문구,21743,4879.0,6399,1326.0,826,14.1,21.2,150.5,1308,4207,13.99,724,611.0,4.0,9.083,1039.0
224,북가좌1동,서대문구,15498,4075.0,4525,1156.0,388,19.9,18.0,90.3,642,3126,14.02,267,461.0,2.0,8.667,721.0
225,북가좌2동,서대문구,27555,5843.0,7454,2102.0,1161,14.2,20.1,142.1,2330,7183,7.73,843,699.0,4.0,11.667,1544.0
226,잠원동,서초구,25413,8373.0,4004,1942.0,695,19.4,12.2,63.1,2273,16956,12.19,172,417.0,11.0,8.083,607.0
227,반포본동,서초구,9374,3638.0,1433,771.0,252,22.8,18.5,81.2,677,2727,13.0,9,16.0,5.0,9.833,195.0
228,반포1동,서초구,23648,6433.0,3446,1768.0,545,19.5,11.4,58.1,1517,8836,14.83,196,427.0,11.0,7.0829999999999975,546.0
229,반포2동,서초구,14071,5606.0,1895,1127.0,322,28.2,15.6,55.2,452,2841,10.4,13,590.0,6.0,9.083,352.0
230,반포3동,서초구,15295,5610.0,2255,1266.0,381,23.3,14.3,61.3,922,7073,13.45,18,457.0,5.0,9.334,344.0
231,반포4동,서초구,15271,5104.0,2355,1168.0,359,20.9,14.4,68.8,3594,32423,11.77,56,832.0,19.0,9.083,363.0
232,방배본동,서초구,16633,5566.0,2736,1410.0,413,19.5,15.9,81.4,1670,10580,13.59,162,131.0,6.0,8.167,492.0
233,방배1동,서초구,13905,4028.0,2707,1324.0,385,14.1,16.7,118.2,1767,14930,12.85,176,146.0,5.0,8.334,454.0
234,방배4동,서초구,20048,6077.0,3798,1845.0,523,17.6,15.3,86.9,2384,14073,10.99,213,497.0,13.0,8.75,671.0
235,서초1동,서초구,16838,4758.0,3186,1311.0,439,17.0,14.8,87.1,3626,29810,12.47,226,668.0,13.0,8.999,448.0
236,서초2동,서초구,16469,4924.0,2972,1212.0,400,17.3,14.1,81.3,4406,48060,14.55,76,679.0,31.0,8.25,358.0
237,서초3동,서초구,24265,6998.0,4288,1925.0,623,12.9,16.7,129.4,7466,74335,14.26,192,549.0,32.0,8.667,644.0
238,서초4동,서초구,21054,7134.0,3398,1444.0,442,24.3,15.0,61.8,2916,27163,15.33,32,176.0,17.0,7.832999999999997,405.0
239,방배2동,서초구,22494,5809.0,4736,2234.0,706,13.1,17.7,135.8,1957,17422,11.65,339,640.0,2.0,8.167,904.0
240,방배3동,서초구,19149,5774.0,3549,1633.0,518,13.8,17.5,127.3,1222,13934,10.88,267,419.0,4.0,10.75,588.0
241,양재1동,서초구,35222,8392.0,8793,2991.0,882,23.7,15.5,65.5,3631,46647,11.73,1537,1613.0,14.0,9.167,1953.0
242,양재2동,서초구,19129,3820.0,4728,1627.0,476,14.8,12.2,82.1,5257,50006,10.54,368,545.0,15.0,9.25,664.0
243,내곡동,서초구,14156,3643.0,3514,1164.0,450,24.5,19.6,80.0,667,9411,13.34,621,1151.0,1.0,11.417,884.0
244,성북동,성북구,14695,3258.0,3995,1093.0,608,13.0,20.8,159.5,1107,5286,13.1,370,240.0,4.0,10.833,597.0
245,삼선동,성북구,23038,4800.0,6370,1926.0,898,13.3,18.1,136.1,1849,10526,12.76,781,526.0,8.0,9.667,981.0
246,동선동,성북구,13902,2531.0,4108,1104.0,506,10.0,15.4,153.5,1936,10556,17.46,336,405.0,3.0,7.75,553.0
247,돈암2동,성북구,17562,4402.0,5243,1488.0,400,22.5,15.6,69.4,398,2168,13.32,239,530.0,4.0,10.167,652.0
248,안암동,성북구,13662,2531.0,3645,1189.0,497,7.2,13.4,185.8,1462,12928,13.34,335,408.0,6.0,8.833,618.0
249,보문동,성북구,12200,2492.0,2692,1028.0,539,10.9,17.4,159.1,1303,5195,12.74,380,300.0,4.0,9.667,605.0
250,정릉1동,성북구,14671,3409.0,4076,1458.0,472,18.6,18.6,99.9,732,2053,12.84,345,616.0,4.0,10.334,690.0
251,정릉2동,성북구,19340,4253.0,4886,1688.0,791,16.5,21.0,127.2,900,2871,12.22,639,349.0,3.0,10.5,970.0
252,정릉3동,성북구,13414,3004.0,2901,1054.0,777,10.9,22.0,201.0,667,4319,9.6,678,566.0,1.0,13.167,773.0
253,정릉4동,성북구,21851,4579.0,5808,1956.0,830,17.8,19.9,112.1,929,4283,12.49,772,986.0,4.0,10.583,1046.0
254,길음1동,성북구,27211,5712.0,9264,2457.0,580,28.0,14.8,52.8,968,3525,13.74,503,1126.0,6.0,8.667,1057.0
255,돈암1동,성북구,13529,2759.0,3301,1831.0,472,15.4,18.9,122.4,394,1788,9.9,426,358.0,4.0,10.25,637.0
256,길음2동,성북구,12921,2280.0,3066,1395.0,448,15.6,21.2,135.3,1296,4987,13.58,330,281.0,2.0,8.334,532.0
257,종암동,성북구,33014,6067.0,7925,4352.0,1258,17.2,17.6,102.3,2048,7309,12.45,1062,1409.0,2.0,9.667,1572.0
258,월곡1동,성북구,22129,3649.0,5767,2942.0,795,21.3,19.3,90.9,1376,5062,11.63,699,970.0,5.0,9.917,1184.0
259,월곡2동,성북구,17045,3227.0,3908,1989.0,596,14.9,19.0,127.4,1594,7909,13.05,590,628.0,5.0,8.25,930.0
260,장위1동,성북구,18992,3175.0,3377,2031.0,702,12.4,20.0,160.5,1028,2643,8.95,1230,467.0,1.0,10.75,1032.0
261,장위2동,성북구,17017,3274.0,2960,1720.0,811,12.2,23.2,190.8,1606,5015,10.34,998,636.0,3.0,10.25,998.0
262,장위3동,성북구,10979,2107.0,1947,1315.0,477,15.2,21.2,139.8,804,3480,7.96,618,459.0,4.0,10.917,688.0
263,석관동,성북구,28743,5206.0,5387,3187.0,1186,13.1,20.2,154.4,2163,9539,12.44,1055,773.0,4.0,9.667,1640.0
264,풍납1동,송파구,14664,3538.0,3093,1273.0,549,12.6,18.2,145.2,770,2443,11.04,451,358.0,1.0,9.833,712.0
265,풍납2동,송파구,20395,5110.0,5173,1817.0,484,17.5,14.5,82.9,1182,15395,11.0,393,1237.0,5.0,9.417,827.0
266,방이1동,송파구,12689,3502.0,2982,1174.0,257,15.9,12.8,80.5,1326,12889,14.25,175,287.0,2.0,8.083,417.0
267,방이2동,송파구,21189,4205.0,4870,1906.0,541,11.5,12.7,110.5,2969,22135,15.8,390,532.0,6.0,7.832999999999997,835.0
268,오륜동,송파구,14598,5297.0,3245,1195.0,191,19.8,12.7,63.9,516,4514,8.14,5,113.0,6.0,14.167,311.0
269,송파1동,송파구,21989,4692.0,5342,2029.0,465,11.8,12.6,106.4,2487,13710,11.5,337,611.0,7.0,9.167,665.0
270,송파2동,송파구,17044,4822.0,4161,1594.0,279,16.6,13.2,79.5,936,6088,13.35,234,331.0,2.0,8.334,523.0
271,잠실4동,송파구,23128,6188.0,7727,1459.0,414,25.4,13.8,54.3,503,2071,16.7,25,749.0,4.0,7.917000000000002,618.0
272,잠실6동,송파구,13979,4626.0,3029,1062.0,253,17.9,15.7,87.5,2493,39676,12.56,19,554.0,18.0,8.833,342.0
273,거여1동,송파구,11837,3129.0,2798,1169.0,371,15.7,16.1,102.9,881,3041,12.15,373,691.0,4.0,9.25,619.0
274,거여2동,송파구,17544,4158.0,4721,1561.0,637,16.1,19.5,120.9,951,4152,8.94,541,650.0,3.0,9.667,1000.0
275,마천1동,송파구,18270,4042.0,4367,1617.0,816,16.4,21.3,130.2,948,2165,12.66,1021,523.0,1.0,9.25,1258.0
276,마천2동,송파구,17552,3806.0,4263,1515.0,623,13.3,19.8,149.1,1373,4414,11.65,890,799.0,2.0,9.417,1145.0
277,오금동,송파구,29622,7297.0,7512,2639.0,742,13.5,14.7,108.6,2427,16661,11.54,599,820.0,6.0,9.083,1187.0
278,가락본동,송파구,22647,5057.0,5808,2076.0,500,13.2,12.3,93.1,3598,28777,13.67,276,671.0,10.0,7.999,761.0
279,가락2동,송파구,26433,6699.0,7757,2500.0,408,18.9,11.7,61.8,1909,10539,12.52,311,1248.0,6.0,8.417,898.0
280,문정1동,송파구,17613,4469.0,4534,1588.0,310,13.4,12.8,95.0,1381,8917,14.05,193,480.0,3.0,7.999,578.0
281,장지동,송파구,27317,6081.0,7704,2625.0,663,18.6,13.4,71.8,1426,10324,12.76,916,1053.0,3.0,8.25,1477.0
282,위례동,송파구,8596,1778.0,3155,662.0,112,31.5,8.0,25.5,329,2815,58.36,33,621.0,3.0,3.334,454.0
283,석촌동,송파구,28410,0.0,6719,2632.0,772,12.6,12.8,101.3,2663,13767,12.96,622,956.0,8.0,8.583,1094.0
284,삼전동,송파구,27891,0.0,7055,2365.0,643,12.9,11.7,90.4,2050,14868,15.37,688,1043.0,4.0,7.999,987.0
285,가락1동,송파구,803,0.0,154,75.0,14,13.5,15.4,114.6,2865,10639,4.08,2,165.0,5.0,14.75,22.0
286,문정2동,송파구,15579,0.0,3755,1283.0,287,12.2,15.0,122.5,3823,24211,18.18,42,223.0,12.0,8.25,464.0
287,잠실본동,송파구,24668,0.0,5937,1958.0,601,10.8,12.1,111.3,3149,22442,18.45,464,732.0,9.0,7.5,838.0
288,잠실2동,송파구,25757,0.0,7011,1995.0,382,31.1,10.2,32.9,821,4616,18.15,14,478.0,8.0,5.999,550.0
289,잠실3동,송파구,27709,0.0,6679,2126.0,548,21.5,15.6,72.9,1580,10198,16.33,28,523.0,11.0,7.25,713.0
290,잠실7동,송파구,8280,0.0,1726,545.0,219,17.0,22.0,129.5,199,1194,9.55,4,595.5,4.0,11.917,204.0
291,목1동,양천구,23553,5982.0,7560,0.0,363,23.8,10.0,41.9,2943,20725,14.17,180,399.0,14.0,7.25,685.0
292,목2동,양천구,25248,5472.0,8047,0.0,602,14.1,12.4,88.0,1139,4094,12.47,523,801.0,2.0,10.75,1007.0
293,목3동,양천구,17511,3943.0,4993,0.0,529,13.1,14.7,112.5,1242,4644,12.48,646,551.0,4.0,9.5,836.0
294,목4동,양천구,20944,4275.0,6661,0.0,527,16.1,12.1,75.0,1326,3853,12.9,500,726.0,3.0,9.334,867.0
295,목5동,양천구,31232,8975.0,10160,0.0,443,23.6,9.9,42.0,1525,10258,11.67,13,697.0,9.0,8.25,730.0
296,신정1동,양천구,13381,3709.0,4343,0.0,351,21.4,13.0,60.7,1099,4929,13.28,222,352.0,5.0,9.083,550.0
297,신정2동,양천구,16568,3697.0,5695,0.0,419,18.0,12.9,71.7,1104,3612,12.05,426,431.0,1.0,8.833,743.0
298,신정6동,양천구,19120,5336.0,6637,0.0,258,20.2,9.9,49.0,738,5769,13.82,19,468.0,7.0,8.667,471.0
299,신정7동,양천구,24338,6269.0,7645,0.0,914,15.9,16.6,104.4,991,4481,10.9,1120,798.0,2.0,11.583,1362.0
300,신월1동,양천구,19416,4301.0,3521,1902.0,816,12.8,17.8,138.9,1775,5063,12.45,1135,1069.0,3.0,10.917,1222.0
301,신월2동,양천구,18324,4789.0,4039,1910.0,528,16.3,17.1,104.7,1239,3984,7.34,567,872.0,2.0,13.167,1013.0
302,신월3동,양천구,14433,3033.0,2707,1278.0,755,13.9,17.6,126.7,958,4277,8.98,1036,551.0,1.0,11.917,901.0
303,신월4동,양천구,15508,4250.0,3670,1489.0,353,20.1,16.7,83.2,1164,3745,9.19,267,916.0,1.0,12.5,875.0
304,신월5동,양천구,13214,3272.0,2740,1427.0,377,16.5,15.1,91.3,1010,4422,10.79,456,520.0,1.0,10.5,745.0
305,신월6동,양천구,9410,2331.0,2092,788.0,172,15.3,17.5,114.7,1460,3231,3.56,157,423.0,2.0,22.583,326.0
306,신월7동,양천구,19210,4692.0,4359,1974.0,755,14.5,19.1,132.2,1391,5695,8.99,656,936.0,2.0,12.167,1129.0
307,신정3동,양천구,40676,9530.0,10287,4113.0,1012,20.3,15.0,74.1,1882,9536,7.55,1440,1648.0,1.0,12.667,2205.0
308,신정4동,양천구,28911,6351.0,6303,3310.0,1004,12.8,16.5,129.5,3122,14941,12.97,943,1134.0,8.0,8.833,1533.0
309,영등포본동,영등포구,19311,4862.0,4786,1549.0,1010,13.7,16.6,121.2,1470,5715,14.63,653,497.0,4.0,9.167,1033.0
310,영등포동,영등포구,16828,3509.0,3611,1009.0,1240,7.7,16.6,215.9,6524,39392,10.91,1089,467.0,19.0,10.583,979.0
311,당산1동,영등포구,17819,4426.0,4951,1152.0,740,12.6,17.2,136.5,3183,18621,11.72,336,753.0,6.0,9.25,808.0
312,당산2동,영등포구,29153,7214.0,8847,1866.0,686,14.7,13.6,92.4,2306,21446,13.23,144,841.0,6.0,8.667,943.0
313,도림동,영등포구,16691,3625.0,4226,1085.0,802,12.0,15.9,132.7,984,3334,8.64,506,447.0,1.0,10.417,902.0
314,문래동,영등포구,24532,6703.0,7562,1577.0,832,22.2,17.0,76.5,5403,40679,9.98,202,838.0,9.0,11.334,909.0
315,양평1동,영등포구,13913,3318.0,3960,922.0,540,16.0,17.0,106.6,3246,23475,5.7,216,484.0,3.0,12.833,745.0
316,양평2동,영등포구,17272,4350.0,5243,1083.0,434,16.6,12.3,74.0,2154,19830,11.51,164,702.0,3.0,9.75,621.0
317,신길3동,영등포구,13152,3328.0,2933,970.0,698,13.6,18.2,133.5,985,2745,9.44,616,476.0,5.0,11.667,797.0
318,여의동,영등포구,26595,8150.0,6062,1578.0,991,19.3,21.9,113.6,7966,152605,13.21,64,2380.0,67.0,9.75,716.0
319,신길1동,영등포구,16540,3098.0,3675,1691.0,1022,9.8,18.9,193.4,1176,6721,8.16,650,522.0,2.0,11.167,932.0
320,신길4동,영등포구,9853,2006.0,2188,1123.0,524,10.7,20.0,186.3,491,1691,8.76,494,544.0,1.0,12.167,550.0
321,신길5동,영등포구,12195,2395.0,2516,1425.0,548,11.2,18.2,162.5,655,3031,9.77,466,240.0,4.0,12.083,671.0
322,신길6동,영등포구,17836,3614.0,4442,2150.0,713,13.4,17.7,131.6,1277,4697,9.48,349,872.0,1.0,10.917,857.0
323,신길7동,영등포구,10445,2507.0,2601,1095.0,330,18.5,13.4,72.7,533,2676,14.07,108,301.0,4.0,10.334,345.0
324,대림1동,영등포구,12727,2357.0,2650,1672.0,688,10.5,18.4,175.8,1128,4251,9.57,466,440.0,4.0,9.75,755.0
325,대림2동,영등포구,12272,2087.0,2502,1671.0,667,9.8,14.3,146.1,1390,4513,15.76,422,400.0,1.0,8.167,718.0
326,대림3동,영등포구,21413,4017.0,5618,2651.0,774,12.3,14.7,119.4,2807,11203,10.01,571,848.0,7.0,12.667,1138.0
327,후암동,용산구,15434,2869.0,4074,1176.0,785,14.2,19.9,140.9,840,5493,11.9,678,642.0,1.0,10.334,840.0
328,용산2가동,용산구,9897,2013.0,2438,823.0,493,11.1,20.1,180.7,574,2075,14.11,413,272.0,1.0,10.25,491.0
329,남영동,용산구,7541,1407.0,1559,584.0,701,6.4,20.8,323.7,1673,18172,11.18,1104,131.0,9.0,9.417,577.0
330,청파동,용산구,17496,2998.0,4356,1518.0,786,10.0,17.8,178.7,1915,9433,11.7,651,622.0,4.0,10.5,830.0
331,원효로1동,용산구,11103,2369.0,3034,945.0,389,15.9,15.2,95.5,1843,10407,10.96,222,304.0,3.0,9.0,454.0
332,원효로2동,용산구,12062,2809.0,3125,1060.0,442,18.0,19.1,106.3,1190,7045,11.76,322,342.0,5.0,9.999,522.0
333,효창동,용산구,7757,1716.0,2104,756.0,247,15.0,19.2,128.2,469,2300,11.3,138,366.0,1.0,10.667,325.0
334,용문동,용산구,10283,2217.0,2889,978.0,345,16.3,19.2,117.7,682,1568,13.93,246,346.0,4.0,8.75,451.0
335,한강로동,용산구,12601,3092.0,2638,764.0,715,13.2,22.7,171.1,4892,31880,10.53,269,490.0,20.0,9.083,499.0
336,이촌1동,용산구,21279,6288.0,4984,1603.0,645,25.1,20.0,79.7,823,3825,11.06,37,375.0,12.0,11.083,543.0
337,이촌2동,용산구,7749,2193.0,1884,650.0,353,14.6,23.8,163.2,340,821,9.12,94,202.0,4.0,12.083,357.0
338,이태원1동,용산구,6837,1517.0,1365,379.0,327,10.1,21.6,213.0,1714,8286,13.94,157,228.0,7.0,7.832999999999997,246.0
339,이태원2동,용산구,8326,1833.0,1911,496.0,409,12.3,22.3,181.4,733,3216,14.32,168,147.0,1.0,7.75,344.0
340,한남동,용산구,18068,3353.0,3412,1090.0,793,12.4,18.4,147.6,2055,16649,15.09,441,344.0,12.0,7.999,666.0
341,서빙고동,용산구,10439,3298.0,2017,763.0,428,17.8,19.0,107.1,415,5077,10.84,173,238.0,2.0,11.25,393.0
342,보광동,용산구,13984,2916.0,2910,1027.0,662,9.8,19.8,201.9,836,2786,15.31,599,314.0,2.0,10.083,651.0
343,녹번동,은평구,26622,5562.0,6937,0.0,1419,13.9,21.1,151.5,1900,9821,11.42,888,1225.0,2.0,10.417,1407.0
344,응암1동,은평구,24036,4777.0,6601,0.0,868,17.2,19.0,110.4,1680,7696,10.89,689,1053.0,7.0,10.334,1189.0
345,응암2동,은평구,17017,3399.0,4564,0.0,664,20.8,18.0,86.8,610,1823,9.34,681,861.0,4.0,12.0,726.0
346,응암3동,은평구,22634,4556.0,5546,0.0,1363,12.1,24.0,198.6,1815,4965,12.95,1252,750.0,4.0,10.167,1277.0
347,증산동,은평구,16078,3543.0,4502,0.0,644,14.3,20.5,143.9,1130,4192,8.58,502,578.0,4.0,11.5,798.0
348,수색동,은평구,13479,3246.0,3535,0.0,721,12.4,23.0,185.7,727,2695,7.84,682,166.0,3.0,13.917,871.0
349,신사1동,은평구,22968,4638.0,6576,0.0,756,14.8,18.3,123.6,1290,3909,9.15,704,920.0,2.0,12.083,1133.0
350,신사2동,은평구,17352,3576.0,4763,0.0,701,15.1,18.4,121.7,1639,3686,4.76,765,650.0,4.0,20.917,918.0
351,역촌동,은평구,39750,7264.0,10441,0.0,1477,15.6,18.0,115.7,2523,7933,12.01,1506,1549.0,4.0,10.083,2087.0
352,갈현2동,은평구,23997,0.0,4480,3395.0,881,14.5,17.4,120.0,1594,6148,12.92,1002,882.0,3.0,10.167,1196.0
353,구산동,은평구,27086,0.0,4668,3907.0,948,15.4,20.1,130.1,1209,5252,7.78,962,924.0,4.0,13.25,2280.0
354,갈현1동,은평구,21045,0.0,3954,3075.0,993,12.4,19.4,156.8,1419,4944,12.9,1293,795.0,3.0,9.25,1115.0
355,진관동,은평구,38907,0.0,9906,6155.0,903,26.6,16.5,62.2,1539,8504,26.58,716,1801.0,6.0,8.167,1855.0
356,불광1동,은평구,34283,0.0,7103,5529.0,1576,15.9,20.4,128.1,1640,6326,11.28,1064,1163.0,5.0,10.75,1597.0
357,불광2동,은평구,24341,0.0,4203,3835.0,1392,11.6,22.1,191.3,1347,4290,11.88,1405,646.0,2.0,11.833,1451.0
358,대조동,은평구,27185,0.0,4909,4107.0,1322,12.4,19.7,158.4,2553,8019,14.57,1222,1039.0,5.0,9.25,1452.0
359,청운효자동,종로구,10745,2852.0,3760,370.0,429,17.3,20.4,118.0,1009,6415,13.78,188,695.0,4.0,9.917,526.0
360,사직동,종로구,8199,2486.0,2383,263.0,383,16.5,24.0,144.8,3489,53850,12.12,102,818.0,21.0,10.417,315.0
361,삼청동,종로구,2442,680.0,707,85.0,156,12.7,28.2,221.3,751,4823,17.31,50,32.0,5.0,8.0,126.0
362,부암동,종로구,8449,2175.0,2806,252.0,319,13.4,21.0,156.6,575,3690,14.61,140,145.0,2.0,10.25,334.0
363,평창동,종로구,15372,4619.0,4571,387.0,615,14.8,20.5,138.7,708,2990,13.7,124,195.0,5.0,10.25,573.0
364,무악동,종로구,6431,1840.0,2241,248.0,205,20.3,19.8,97.9,573,1472,5.58,129,250.0,1.0,11.999,300.0
365,교남동,종로구,3866,852.0,1166,117.0,253,12.6,25.9,206.0,302,3612,9.93,136,202.0,1.0,13.083,247.0
366,가회동,종로구,4100,1107.0,1359,172.0,196,12.8,25.4,198.6,770,14215,12.47,47,227.0,3.0,8.75,182.0
367,종로1.2.3.4가동,종로구,7088,1590.0,1672,177.0,1089,7.7,28.3,368.0,15970,110743,9.62,563,453.0,54.0,11.25,392.0
368,종로5·6가동,종로구,4982,1106.0,1374,157.0,415,6.7,24.8,369.2,7691,23392,9.36,228,286.0,11.0,9.5,838.0
369,이화동,종로구,7471,1476.0,2663,292.0,305,9.6,18.0,187.4,1248,16032,13.94,184,274.0,7.0,8.75,318.0
370,혜화동,종로구,14785,3458.0,5514,559.0,612,10.1,15.5,154.2,1736,9026,14.34,218,352.0,5.0,8.667,572.0
371,창신1동,종로구,5067,1036.0,1511,165.0,414,7.9,21.6,273.9,2273,6340,11.75,332,180.0,5.0,9.833,300.0
372,창신2동,종로구,8385,1525.0,2830,300.0,428,8.8,18.6,212.8,872,2429,13.19,380,394.0,1.0,9.5,517.0
373,창신3동,종로구,6232,1434.0,2234,249.0,215,14.4,18.3,127.3,283,874,14.13,183,116.0,4.0,9.167,325.0
374,숭인1동,종로구,5665,1218.0,1798,185.0,373,12.6,19.2,152.4,533,1587,12.01,210,218.0,1.0,8.5,282.0
375,숭인2동,종로구,8481,1594.0,2521,311.0,667,7.4,19.6,263.8,1881,6819,13.5,303,102.0,4.0,10.083,472.0
376,응봉동,중구,13123,3262.0,3483,1093.0,423,21.2,18.7,88.2,375,1037,8.8,189,595.5,4.0,10.75,536.0
377,성수1가1동,중구,13665,2952.0,3302,1067.0,452,14.0,13.8,99.0,1546,7815,9.12,387,595.5,4.0,10.417,612.0
378,성수1가2동,중구,14294,3150.0,4050,1175.0,442,13.4,14.6,108.7,2198,17103,10.78,272,595.5,4.0,9.25,577.0
379,성수2가1동,중구,16118,3583.0,3274,1238.0,677,11.3,16.4,144.8,2626,18337,10.89,537,595.5,4.0,9.833,862.0
380,성수2가3동,중구,9981,2410.0,2384,790.0,335,11.2,16.5,146.5,5056,45871,9.97,154,595.5,4.0,9.75,455.0
381,왕십리도선동,중구,16776,3827.0,4350,1311.0,685,15.7,15.8,100.7,1906,11693,15.16,563,595.5,4.0,8.083,888.0
382,왕십리2동,중구,13216,2836.0,3536,1116.0,546,14.5,17.0,117.1,780,2440,12.95,363,595.5,4.0,9.833,653.0
383,행당1동,중구,12219,2975.0,3244,879.0,511,12.6,18.0,142.4,1451,8783,16.68,327,595.5,4.0,7.917000000000002,557.0
384,행당2동,중구,19798,4778.0,6198,1462.0,616,20.1,16.8,83.5,582,1927,13.06,521,595.5,4.0,8.5,879.0
385,마장동,중구,19728,5008.0,5064,1426.0,734,13.1,17.4,133.0,3238,11683,9.45,650,595.5,4.0,10.5,1133.0
386,사근동,중구,9615,1940.0,2810,658.0,338,8.0,13.5,168.3,1088,11474,16.27,170,595.5,4.0,8.25,403.0
387,송정동,중구,9614,2058.0,2159,784.0,361,11.3,15.9,140.6,695,2453,9.5,491,595.5,4.0,10.667,536.0
388,용답동,중구,13504,2801.0,3190,1040.0,665,9.8,17.3,177.3,2055,15156,10.85,742,595.5,4.0,9.917,806.0
389,소공동,중구,1102,241.0,158,183.0,54,15.6,11.2,71.6,3929,65041,8.55,16,526.0,37.0,10.833,38.0
390,회현동,중구,4891,1065.0,385,720.0,461,8.5,29.7,350.0,9697,52540,9.27,486,239.0,25.0,10.583,336.0
391,명동,중구,2538,546.0,303,362.0,157,8.5,24.6,288.1,6778,115866,11.12,57,404.0,75.0,10.417,117.0
392,필동,중구,3866,929.0,538,756.0,228,9.1,19.6,215.5,3159,24075,8.39,94,128.0,7.0,10.5,190.0
393,장충동,중구,4413,826.0,732,873.0,187,9.1,16.2,178.7,911,9874,9.88,94,116.0,5.0,10.5,213.0
394,광희동,중구,4332,1028.0,398,770.0,352,8.1,23.2,285.3,9380,38813,13.41,122,219.0,16.0,9.583,251.0
395,을지로동,중구,1655,409.0,138,271.0,224,5.8,31.9,549.4,9442,29762,4.78,84,131.0,11.0,12.833,99.0
396,신당동,중구,6765,1349.0,688,1345.0,385,7.9,15.8,199.8,12117,27836,15.7,248,163.0,7.0,5.8329999999999975,377.0
397,다산동,중구,12804,2588.0,1522,2862.0,503,10.9,18.9,173.2,1387,9577,10.09,360,309.0,4.0,9.167,670.0
398,약수동,중구,15496,3594.0,2009,3693.0,755,15.1,23.6,155.7,854,3563,11.48,585,514.0,2.0,9.334,888.0
399,청구동,중구,12568,2961.0,1774,2871.0,601,13.7,20.7,150.9,765,3856,7.71,489,264.0,1.0,10.334,658.0
400,신당5동,중구,8377,1578.0,891,1864.0,411,13.1,19.2,146.8,1283,3942,9.28,266,317.0,2.0,8.167,459.0
401,동화동,중구,9189,2166.0,1130,2183.0,256,15.9,18.1,113.5,970,4035,12.47,153,306.0,2.0,8.167,443.0
402,황학동,중구,10508,1950.0,1257,2116.0,514,11.6,16.7,143.6,1963,6435,7.79,381,230.0,5.0,10.667,542.0
403,중림동,중구,7193,1581.0,992,1548.0,440,13.2,23.7,179.6,1005,7677,11.54,431,270.0,2.0,10.334,438.0
404,금호1가동,중구,10906,2394.0,1722,1997.0,512,15.4,19.9,129.4,535,1685,10.47,544,595.5,4.0,10.083,620.0
405,금호2.3가동,중구,18222,3741.0,2550,3766.0,654,15.5,18.5,119.5,1008,2758,13.49,543,595.5,4.0,10.25,968.0
406,금호4가동,중구,11795,2378.0,1842,2353.0,478,17.8,18.2,102.2,617,1786,12.16,324,595.5,4.0,10.083,499.0
407,옥수동,중구,18401,4366.0,2936,3423.0,596,18.9,17.2,91.1,825,3046,14.91,323,595.5,4.0,8.5,680.0
408,면목본동,중랑구,30149,4798.0,8270,2095.0,1324,11.3,17.0,150.9,2498,7459,14.13,1423,873.0,3.0,8.334,1646.0
409,면목2동,중랑구,22104,3516.0,5818,1589.0,1012,13.5,17.2,127.4,2053,6620,11.93,937,821.0,1.0,8.917,1279.0
410,면목3.8동,중랑구,23322,3836.0,6687,1509.0,1125,11.1,18.9,169.1,2090,7040,14.02,1107,905.0,1.0,8.5,1272.0
411,면목4동,중랑구,18179,3085.0,5374,1353.0,892,13.4,19.1,142.0,1102,3702,11.07,1110,619.0,4.0,8.833,1271.0
412,면목5동,중랑구,9386,1434.0,2628,633.0,405,13.3,18.3,137.0,873,2976,10.31,407,371.0,2.0,8.999,529.0
413,면목7동,중랑구,19706,3340.0,5843,1239.0,854,11.9,19.5,164.2,1512,4175,12.63,649,638.0,2.0,9.0,1035.0
414,상봉2동,중랑구,16067,2542.0,4012,1117.0,777,9.2,16.3,178.1,2131,9451,15.06,568,439.0,4.0,7.999,861.0
415,망우3동,중랑구,15293,2568.0,3942,975.0,794,12.6,18.5,147.2,1107,3728,11.2,1084,604.0,1.0,8.667,957.0
416,상봉1동,중랑구,20177,4110.0,5309,1623.0,721,16.5,15.1,91.7,1124,6360,12.1,1174,656.0,4.0,8.917,1420.0
417,중화1동,중랑구,17246,3479.0,4430,1524.0,591,14.8,17.1,115.6,1061,3715,11.4,488,645.0,1.0,9.083,861.0
418,중화2동,중랑구,24359,4508.0,4851,1964.0,1380,9.2,19.0,206.6,2126,7516,12.46,1332,574.0,4.0,9.167,1510.0
419,묵1동,중랑구,27581,5769.0,7291,2472.0,852,16.3,17.3,106.5,1471,5369,12.17,646,1051.0,3.0,8.667,1337.0
420,묵2동,중랑구,16180,3168.0,3888,1351.0,652,13.5,17.5,129.7,1815,4712,9.97,609,517.0,2.0,9.917,869.0
421,망우본동,중랑구,27695,6104.0,5647,2040.0,1292,11.8,18.5,156.4,3871,12246,9.51,1265,991.0,5.0,10.5,1722.0
422,신내1동,중랑구,31329,7003.0,8803,2452.0,794,21.0,17.1,81.7,1945,9956,11.98,863,1514.0,2.0,9.25,1892.0
423,신내2동,중랑구,19790,4508.0,5982,1610.0,719,17.2,17.2,100.3,1136,6165,10.83,1041,748.0,3.0,9.167,1421.0
